{"cameraMode":{"drawMode":0,"name":"Shaded","section":"Shading Mode"},"sceneLighting":false,"audioPlay":false,"sceneViewState":{"m_AlwaysRefresh":false,"showFog":true,"showSkybox":false,"showFlares":true,"showImageEffects":true,"showParticleSystems":true,"showVisualEffectGraphs":true,"m_FxEnabled":true},"in2DMode":false,"pivot":{"x":2.749027729034424,"y":0.1438838243484497,"z":-6.413055419921875},"rotation":{"x":-0.006082514300942421,"y":-0.9892805218696594,"z":0.13941141963005067,"w":-0.043162766844034198},"size":9.033947944641114,"orthographic":false}