{"cameraMode":{"drawMode":0,"name":"Shaded","section":"Shading Mode"},"sceneLighting":true,"audioPlay":false,"sceneViewState":{"m_AlwaysRefresh":false,"showFog":true,"showSkybox":true,"showFlares":true,"showImageEffects":true,"showParticleSystems":true,"showVisualEffectGraphs":true,"m_FxEnabled":true},"in2DMode":false,"pivot":{"x":-5.991318225860596,"y":4.741153717041016,"z":0.2075958251953125},"rotation":{"x":0.6017522215843201,"y":-0.017462655901908876,"z":0.013217219151556492,"w":0.7983869910240173},"size":16.582992553710939,"orthographic":false}