{"cameraMode":{"drawMode":0,"name":"Shaded","section":"Shading Mode"},"sceneLighting":false,"audioPlay":false,"sceneViewState":{"m_AlwaysRefresh":false,"showFog":true,"showSkybox":false,"showFlares":true,"showImageEffects":true,"showParticleSystems":true,"showVisualEffectGraphs":true,"m_FxEnabled":true},"in2DMode":false,"pivot":{"x":-0.4541637897491455,"y":-0.27854087948799136,"z":-0.8938148617744446},"rotation":{"x":-0.011633802205324173,"y":-0.8542918562889099,"z":0.019137149676680566,"w":-0.5193190574645996},"size":0.8941505551338196,"orthographic":false}